basis,N,E_joint_R1p1,E_joint_R1000,E_novel_R1p1,novel_raw_dim,delta_P1,delta_P2,delta_P3,err_P1,err_P2,err_P3,gs_err_joint,gs_err_novel,eff_dim_joint,eff_dim_novel
6-31g,1,-1.718556426068771,-2.2536187162559687,-1.718556426068771,1,0.5350622901871978,0.5846722138057334,0.5846722138057334,0.010312726622183632,0.0599226502407193,0.0599226502407193,0.0599226502407193,0.0599226502407193,1,1
6-31g,2,-1.7596654495396047,-2.296513743247261,-1.7602554526978755,4,0.5368482937076564,0.5435631903348996,0.5429731871766288,0.012098730142642289,0.018813626769885516,0.01822362361161467,0.018813626769885516,0.01822362361161467,2,4
6-31g,3,-1.7706423061038459,-2.301894244366818,-1.7712893583077758,9,0.5312519382629723,0.5325863337706584,0.5319392815667285,0.006502374697958224,0.007836770205644328,0.007189718001714418,0.007836770205644328,0.007189718001714418,3,8
6-31g,4,-1.774695463708107,-2.3028988597058015,-1.7725380402786035,16,0.5282033959976946,0.5285331761663974,0.5306905995959008,0.0034538324326804926,0.0037836126013832683,0.005941036030886693,0.0037836126013832683,0.005941036030886693,4,13
6-31g,5,-1.7766767489901625,-2.303192061536988,-1.7726464563719482,25,0.5265153125468256,0.5265518908843418,0.5305821835025561,0.0017657489818114769,0.0018023273193277234,0.005832619937542027,0.0018023273193277234,0.005832619937542027,5,14
6-31g,6,-1.7766552694266364,-2.3031912432998167,-1.7727660206263955,36,0.5265359738731803,0.5265733704478679,0.5304626192481088,0.0017864103081661753,0.0018238068828537735,0.005713055683094659,0.0018238068828537735,0.005713055683094659,5,17
6-31g,7,-1.77784432248309,-2.3032275642687434,-1.7728469777139972,49,0.5253832417856534,0.5253843173914143,0.5303816621605071,0.000633678220639311,0.0006347538264002139,0.0056320985954929625,0.0006347538264002139,0.0056320985954929625,6,19
6-31g,8,-1.777830178343363,-2.303227496819134,-1.772903799994758,64,0.525397318475771,0.5253984615311413,0.5303248398797464,0.0006477549107568592,0.0006488979661272154,0.005575276314732314,0.0006488979661272154,0.005575276314732314,6,21
