basis,N,E_joint_R1000,E_novel_R1000,E_mono_qkd,two_E_mono_qkd,two_E_mono_exact,SC_err_joint,SC_err_novel,ref_gap_P1_vs_P2,delta_P1,delta_P2_exact,delta_P2_qkd,err_P1,err_P2_exact,err_P2_qkd
sto-3g,1,-2.23399799350799,-2.23399799350799,-1.116998996754003,-2.233997993508006,-2.274612071506798,1.5987211554602254e-14,1.5987211554602254e-14,0.04061407799880801,0.6530731922276258,0.6936872702264338,0.6530731922276418,0.005976995675861296,0.0465910736746693,0.0059769956758772835
sto-3g,2,-2.2741091697481925,-2.2746120715067866,-1.1373060357533995,-2.274612071506799,-2.274612071506798,0.0005029017586064555,1.2434497875801753e-14,0.0005029017586055673,0.6654113628352114,0.665914264593817,0.6659142645938179,0.01831516628344687,0.018818068042052438,0.018818068042053326
sto-3g,3,-2.2746120715067857,-2.2746120715067866,-1.1373060357533986,-2.2746120715067972,-2.274612071506798,1.1546319456101628e-14,1.0658141036401503e-14,1.2434497875801753e-14,0.6536853463658687,0.6536853463658812,0.6536853463658803,0.006589149814104189,0.006589149814116624,0.006589149814115736
sto-3g,4,-2.274612071506785,-2.2746120715067866,-1.1373060357533982,-2.2746120715067963,-2.274612071506798,1.1546319456101628e-14,9.769962616701378e-15,1.3322676295501878e-14,0.6485295669540019,0.6485295669540152,0.6485295669540134,0.001433370402237344,0.0014333704022506666,0.0014333704022488902
sto-3g,5,-2.2746120715067857,-2.274612071506785,-1.1373060357533982,-2.2746120715067963,-2.274612071506798,1.0658141036401503e-14,1.1546319456101628e-14,1.2434497875801753e-14,0.6476433182663222,0.6476433182663346,0.6476433182663328,0.000547121714557619,0.0005471217145700535,0.0005471217145682772
sto-3g,6,-2.2746120715067866,-2.274612071506783,-1.1373060357533986,-2.2746120715067972,-2.274612071506798,1.0658141036401503e-14,1.4210854715202004e-14,1.1546319456101628e-14,0.6472354412790349,0.6472354412790464,0.6472354412790455,0.00013924472727033788,0.0001392447272818842,0.00013924472728099602
