R,N,procedure,basis_dim,gs_total,gs_err,delta_sc,delta_int,s_min,eff_dim,E_exact_tot,E_exact_sum,delta_exact,E_a,E_b,E_dimer
1.1,2,novel,4,-1.6214497471299438,0.006066127825086198,0.6531623243768543,,0.00011451274539133319,4,-1.62751587495503,-2.274612071506798,0.6470961965517681,,,
1.1,2,baseline_separate,2,-1.6086978069129776,0.018818068042052438,0.6659142645938205,0.6659142645938214,0.009745137886081555,2,-1.62751587495503,-2.274612071506798,0.6470961965517681,-1.1373060357533995,-1.1373060357533995,
1.1,2,baseline_dimer,2,-1.6086978069129776,0.018818068042052438,0.0004975438284411382,0.6654167207653794,0.009745137886081555,2,-1.62751587495503,-2.274612071506798,0.6470961965517681,,,-2.274114527678357
1.1,3,novel,9,-1.6266421788580159,0.0008736960970141538,0.6479698926487822,,8.455070059591788e-07,9,-1.62751587495503,-2.274612071506798,0.6470961965517681,,,
1.1,3,baseline_separate,3,-1.6209267251409054,0.006589149814124617,0.6536853463658927,0.6536853463658918,0.0025542704220235515,3,-1.62751587495503,-2.274612071506798,0.6470961965517681,-1.1373060357533986,-1.1373060357533986,
1.1,3,baseline_dimer,3,-1.6209267251409054,0.006589149814124617,2.6645352591003757e-15,0.6536853463658954,0.0025542704220235515,3,-1.62751587495503,-2.274612071506798,0.6470961965517681,,,-2.274612071506801
1.1,4,novel,16,-1.6273292675139954,0.00018660744103460303,0.6472828039928027,,4.2776300056883045e-10,16,-1.62751587495503,-2.274612071506798,0.6470961965517681,,,
1.1,4,baseline_separate,4,-1.6260825045527794,0.0014333704022506666,0.6485295669540188,0.648529566954017,0.0009492242679540879,4,-1.62751587495503,-2.274612071506798,0.6470961965517681,-1.1373060357533982,-1.1373060357533982,
1.1,4,baseline_dimer,4,-1.6260825045527794,0.0014333704022506666,0.0,0.6485295669540188,0.0009492242679540879,4,-1.62751587495503,-2.274612071506798,0.6470961965517681,,,-2.274612071506798
