R,delta_exact,norm_H_ab,partition_residual,dress_residual,gs_err_novel_N4,delta_sc_novel_N4,gs_err_baseline_separate_N4,delta_sc_baseline_separate_N4,gs_err_baseline_dimer_N4,delta_sc_baseline_dimer_N4
1.1,0.6470961965517681,5.023193882982094,1.7763628627274982e-15,1.7763640673833626e-15,0.00018660744103460303,0.6472828039928027,0.0014333704022506666,0.6485295669540188,0.0014333704022506666,0.0
10.0,1.2364508705786648e-07,2.4391634640558557,1.2767564783311787e-15,8.881784197793969e-16,4.234139261427572e-09,1.2787922631929405e-07,7.491784970170556e-13,1.236458362363635e-07,7.491784970170556e-13,8.881784197001252e-16
100.0,2.043254454520138e-12,2.192827509673037,1.2212453270876722e-15,1.3322676295501878e-15,3.1086244689504383e-15,2.0401458300511877e-12,4.884981308350689e-15,2.0383694732117874e-12,4.884981308350689e-15,0.0
1000.0,1.687538997430238e-14,2.1761574322175954,1.9984014443252818e-15,1.7763568394002505e-15,5.329070518200751e-15,1.1546319456101628e-14,3.552713678800501e-15,1.3322676295501878e-14,3.552713678800501e-15,8.881784197001252e-16
