R,E_exact_tot,E_exact_sum,delta_exact,norm_H_ab,n_terms_ab,partition_residual,dress_residual
1000.0,-2.274612071506784,-2.2746120715067972,1.3322676295501878e-14,2.1761574322175967,55,1.5543122344752192e-15,1.7763568394002505e-15
100.0,-2.274612071504756,-2.2746120715067972,2.0410340084708878e-12,2.192827509673036,55,1.3322676295501878e-15,1.3322676295501878e-15
10.0,-2.2746119478617204,-2.2746120715067972,1.2364507684381465e-07,2.439163464055856,248,1.1102230254695698e-15,8.881784631529522e-16
1.1,-1.627515874955023,-2.2746120715067972,0.6470961965517743,5.023193882982088,155,1.777223355755625e-15,2.2214565495463184e-15
