R,norm_H_a,norm_H_b,norm_H_ab,norm_H_A,norm_H_B,norm_H_tot,partition_residual,dressing_residual,delta_exact,n_terms_ab
1.1,2.2986073329279524,1.6484753606146927,5.023193882982094,3.3870912543902567,3.5769193183708294,5.767774776661942,5.128917588331787e-15,5.133348970088728e-15,0.6470961965517681,155
